timestamp,channel_1,channel_2,channel_3,channel_4,channel_5
2024-01-01 00:00:00,67.477,67.141,49.87,38.539,29.227
2024-01-01 00:00:01,67.962,70.31,47.117,30.374,38.507
2024-01-01 00:00:02,70.335,62.094,45.576,28.732,34.75
2024-01-01 00:00:03,70.362,63.227,41.029,31.166,37.209
2024-01-01 00:00:04,70.151,59.82,40.536,34.863,41.431
2024-01-01 00:00:05,68.014,52.03,39.45,34.922,44.135
2024-01-01 00:00:06,74.645,49.655,30.26,29.824,58.9
2024-01-01 00:00:07,65.709,50.468,29.243,35.675,63.114
2024-01-01 00:00:08,69.121,53.184,26.06,37.215,64.942
2024-01-01 00:00:09,65.555,45.858,36.091,43.226,63.773
2024-01-01 00:00:10,70.193,35.973,31.265,53.151,74.194
2024-01-01 00:00:11,60.35,29.074,32.848,48.46,68.837
2024-01-01 00:00:12,58.781,38.156,29.116,52.129,68.98
2024-01-01 00:00:13,55.819,33.579,35.467,58.421,72.764
2024-01-01 00:00:14,57.292,35.614,39.855,65.165,67.946
2024-01-01 00:00:15,49.689,28.326,40.846,68.871,69.098
2024-01-01 00:00:16,49.795,31.282,48.411,70.207,58.989
2024-01-01 00:00:17,42.176,32.539,55.872,73.397,52.287
2024-01-01 00:00:18,46.779,28.938,49.887,64.598,46.662
2024-01-01 00:00:19,42.049,29.785,53.354,72.512,38.069
2024-01-01 00:00:20,36.685,32.407,57.249,66.156,38.284
2024-01-01 00:00:21,42.156,35.677,67.807,66.608,38.74
2024-01-01 00:00:22,32.913,36.132,68.754,57.07,34.203
2024-01-01 00:00:23,37.386,41.577,67.296,57.15,30.661
2024-01-01 00:00:24,31.305,40.038,69.252,53.594,27.015
2024-01-01 00:00:25,36.905,40.427,67.442,51.964,31.324
2024-01-01 00:00:26,33.343,53.473,72.596,39.425,35.529
2024-01-01 00:00:27,27.384,48.922,68.103,40.238,36.719
2024-01-01 00:00:28,27.301,52.206,67.087,33.329,39.769
2024-01-01 00:00:29,31.85,56.788,67.675,35.188,41.387
2024-01-01 00:00:30,29.564,60.084,62.695,33.876,51.275
2024-01-01 00:00:31,30.492,61.366,59.488,34.169,44.256
2024-01-01 00:00:32,35.787,64.798,56.791,28.415,59.552
2024-01-01 00:00:33,30.999,66.676,55.469,33.477,70.343
2024-01-01 00:00:34,35.076,68.835,54.235,36.384,61.551
2024-01-01 00:00:35,39.479,62.286,47.29,29.831,67.796
2024-01-01 00:00:36,41.082,75.554,44.342,39.791,69.788
2024-01-01 00:00:37,40.407,69.515,38.022,44.604,68.485
2024-01-01 00:00:38,42.404,71.233,33.596,45.126,71.807
2024-01-01 00:00:39,40.552,64.394,35.294,46.64,67.778
2024-01-01 00:00:40,45.169,65.679,32.058,57.459,63.463
2024-01-01 00:00:41,51.891,63.202,26.153,55.166,61.234
2024-01-01 00:00:42,53.104,67.366,29.018,61.941,54.18
2024-01-01 00:00:43,56.265,58.607,30.055,65.467,58.699
2024-01-01 00:00:44,61.579,59.781,29.782,70.093,44.696
2024-01-01 00:00:45,57.177,52.507,37.441,67.56,40.268
2024-01-01 00:00:46,62.127,49.937,36.73,67.943,30.633
2024-01-01 00:00:47,65.282,47.362,42.234,69.887,31.101
2024-01-01 00:00:48,64.235,48.802,42.156,71.258,34.214
2024-01-01 00:00:49,71.997,36.263,45.173,72.87,26.002
2024-01-01 00:00:50,71.486,35.173,45.864,58.483,24.015
2024-01-01 00:00:51,70.371,30.743,52.502,60.323,32.277
2024-01-01 00:00:52,75.294,31.131,56.209,52.036,39.092
2024-01-01 00:00:53,65.49,30.165,55.551,54.015,38.842
2024-01-01 00:00:54,69.702,26.408,61.168,43.761,42.142
2024-01-01 00:00:55,70.229,28.179,64.491,40.335,42.437
2024-01-01 00:00:56,65.469,23.969,68.819,36.741,54.354
2024-01-01 00:00:57,67.889,27.101,70.448,34.985,59.78
2024-01-01 00:00:58,62.156,34.405,68.119,33.601,56.766
2024-01-01 00:00:59,65.774,33.154,71.354,32.337,69.076
2024-01-01 00:01:00,64.872,34.106,68.767,30.045,70.556
2024-01-01 00:01:01,60.314,32.556,59.375,26.209,73.107
2024-01-01 00:01:02,51.576,33.346,64.554,33.474,71.687
2024-01-01 00:01:03,51.752,37.234,66.693,33.125,70.884
2024-01-01 00:01:04,53.786,43.458,55.374,39.569,68.295
2024-01-01 00:01:05,49.559,49.292,57.345,37.431,66.108
2024-01-01 00:01:06,38.826,52.58,58.099,38.721,53.977
2024-01-01 00:01:07,48.101,54.952,47.277,47.711,50.273
2024-01-01 00:01:08,42.342,53.958,45.797,56.092,47.615
2024-01-01 00:01:09,37.171,59.196,38.262,56.972,44.491
2024-01-01 00:01:10,40.483,60.877,43.721,59.862,41.421
2024-01-01 00:01:11,33.548,63.654,35.655,61.318,37.212
2024-01-01 00:01:12,31.84,72.422,33.619,71.999,36.427
2024-01-01 00:01:13,33.577,62.66,35.711,65.627,34.411
2024-01-01 00:01:14,36.737,68.419,32.461,67.627,27.421
2024-01-01 00:01:15,35.471,73.447,27.381,71.647,31.068
2024-01-01 00:01:16,31.213,65.597,28.318,63.541,29.345
2024-01-01 00:01:17,31.389,67.735,32.706,71.184,33.986
2024-01-01 00:01:18,32.583,67.249,30.986,66.647,39.138
2024-01-01 00:01:19,26.977,66.855,28.761,64.174,32.305
2024-01-01 00:01:20,33.546,60.977,37.744,59.299,54.587
2024-01-01 00:01:21,30.587,65.389,36.688,52.923,54.039
2024-01-01 00:01:22,35.21,63.092,49.523,45.834,55.394
2024-01-01 00:01:23,35.304,59.825,48.941,44.267,67.358
2024-01-01 00:01:24,39.458,52.684,49.489,37.682,64.209
2024-01-01 00:01:25,40.48,52.415,53.823,38.439,68.376
2024-01-01 00:01:26,33.244,46.261,53.752,36.402,68.126
2024-01-01 00:01:27,45.465,44.793,59.284,36.185,74.934
2024-01-01 00:01:28,49.406,49.19,68.341,31.522,68.813
2024-01-01 00:01:29,51.41,40.141,74.147,32.777,67.536
2024-01-01 00:01:30,52.357,33.675,71.162,29.673,67.596
2024-01-01 00:01:31,60.138,35.489,69.554,30.627,61.768
2024-01-01 00:01:32,58.605,28.986,68.669,35.845,55.255
2024-01-01 00:01:33,61.314,27.972,66.511,36.378,53.818
2024-01-01 00:01:34,65.295,27.444,74.277,42.059,53.14
2024-01-01 00:01:35,65.205,28.729,65.598,42.204,41.794
2024-01-01 00:01:36,63.14,32.877,69.996,47.1,37.078
2024-01-01 00:01:37,59.97,32.314,64.824,56.022,33.95
2024-01-01 00:01:38,67.012,33.157,52.031,60.948,35.111
2024-01-01 00:01:39,71.573,29.771,51.605,59.103,28.293
2024-01-01 00:01:40,68.753,33.356,47.816,67.263,29.404
2024-01-01 00:01:41,72.403,38.092,45.81,66.109,27.005
2024-01-01 00:01:42,70.295,38.012,42.237,69.359,30.586
2024-01-01 00:01:43,73.228,41.941,48.047,74.232,36.091
2024-01-01 00:01:44,67.667,47.164,32.862,72.112,41.751
2024-01-01 00:01:45,68.83,47.963,34.316,70.836,52.004
2024-01-01 00:01:46,67.526,52.883,33.604,72.045,53.287
2024-01-01 00:01:47,68.824,60.121,30.531,61.29,53.822
2024-01-01 00:01:48,57.268,57.83,30.348,56.881,58.845
2024-01-01 00:01:49,58.873,64.673,27.084,53.636,68.938
2024-01-01 00:01:50,60.48,65.317,31.451,50.722,71.057
2024-01-01 00:01:51,60.126,61.394,34.258,40.033,69.527
2024-01-01 00:01:52,53.669,64.242,35.921,42.226,68.671
2024-01-01 00:01:53,49.481,66.352,39.405,37.311,72.686
2024-01-01 00:01:54,50.035,67.111,45.131,37.925,64.443
2024-01-01 00:01:55,47.812,69.725,47.231,33.956,65.628
2024-01-01 00:01:56,41.651,71.649,48.362,29.246,67.4
2024-01-01 00:01:57,41.367,72.874,48.427,31.88,56.67
2024-01-01 00:01:58,41.726,68.849,53.866,32.302,48.823
2024-01-01 00:01:59,41.863,64.945,58.528,28.805,47.405
2024-01-01 00:02:00,36.661,57.977,63.134,31.522,40.026
2024-01-01 00:02:01,33.069,62.013,63.686,29.034,33.049
2024-01-01 00:02:02,31.566,59.156,64.514,35.836,35.923
2024-01-01 00:02:03,32.5,56.672,65.333,40.803,34.768
2024-01-01 00:02:04,29.904,59.33,64.841,47.512,29.232
2024-01-01 00:02:05,30.577,53.545,69.274,48.843,29.016
2024-01-01 00:02:06,26.929,48.994,65.034,54.448,28.481
2024-01-01 00:02:07,34.424,40.655,65.207,56.332,33.292
2024-01-01 00:02:08,27.87,39.069,65.137,64.059,35.442
2024-01-01 00:02:09,31.069,37.63,59.833,67.708,38.284
2024-01-01 00:02:10,34.03,33.204,62.005,69.73,51.721
2024-01-01 00:02:11,41.356,35.017,59.72,69.76,52.417
2024-01-01 00:02:12,36.008,32.992,52.214,65.348,57.645
2024-01-01 00:02:13,37.386,27.525,48.776,67.398,63.119
2024-01-01 00:02:14,40.018,33.739,47.92,66.394,66.673
2024-01-01 00:02:15,49.075,30.321,40.52,63.915,66.118
2024-01-01 00:02:16,38.188,25.204,36.932,62.129,70.094
2024-01-01 00:02:17,46.201,31.114,39.874,62.387,69.189
2024-01-01 00:02:18,60.0,33.468,36.435,56.361,70.788
2024-01-01 00:02:19,56.146,37.342,33.668,46.588,68.764
2024-01-01 00:02:20,53.548,35.609,33.375,47.233,63.754
2024-01-01 00:02:21,59.118,41.645,24.099,42.998,57.151
2024-01-01 00:02:22,61.667,42.539,34.243,34.967,57.122
2024-01-01 00:02:23,66.031,41.054,32.222,36.849,51.199
2024-01-01 00:02:24,70.811,43.902,35.625,31.495,41.156
2024-01-01 00:02:25,68.0,54.712,35.928,26.289,43.564
2024-01-01 00:02:26,66.473,58.094,37.634,31.366,40.645
2024-01-01 00:02:27,71.406,58.522,39.834,31.097,41.804
2024-01-01 00:02:28,67.581,64.894,45.269,31.152,30.496
2024-01-01 00:02:29,66.875,66.165,46.95,33.986,28.644
2024-01-01 00:02:30,202.546,330.707,262.559,153.131,101.233
2024-01-01 00:02:31,235.835,217.684,226.24,175.713,122.477
2024-01-01 00:02:32,230.924,248.24,264.245,164.761,130.827
2024-01-01 00:02:33,193.601,276.628,303.397,205.883,170.331
2024-01-01 00:02:34,274.496,232.456,234.421,261.492,177.42
2024-01-01 00:02:35,198.233,224.988,237.043,233.925,146.726
2024-01-01 00:02:36,53.623,70.116,66.162,58.952,53.133
2024-01-01 00:02:37,57.848,63.277,70.762,58.275,52.978
2024-01-01 00:02:38,57.304,68.867,67.78,69.15,59.794
2024-01-01 00:02:39,54.497,61.956,68.947,65.529,59.61
2024-01-01 00:02:40,58.358,63.599,70.863,70.349,65.271
2024-01-01 00:02:41,49.382,58.274,64.373,70.888,68.25
2024-01-01 00:02:42,51.267,56.146,66.396,70.453,69.938
2024-01-01 00:02:43,45.992,51.592,63.553,63.006,71.053
2024-01-01 00:02:44,43.414,50.203,60.908,63.593,72.353
2024-01-01 00:02:45,38.635,53.161,54.542,65.306,67.535
2024-01-01 00:02:46,38.716,48.519,60.074,61.448,64.57
2024-01-01 00:02:47,34.534,42.442,49.731,54.973,61.643
2024-01-01 00:02:48,35.5,38.538,43.883,48.632,54.181
2024-01-01 00:02:49,32.694,38.672,36.876,40.328,47.374
2024-01-01 00:02:50,29.262,37.409,36.186,41.544,45.681
2024-01-01 00:02:51,34.067,29.818,38.217,35.47,41.499
2024-01-01 00:02:52,31.687,30.816,37.105,34.86,36.581
2024-01-01 00:02:53,28.708,24.806,35.099,29.324,27.581
2024-01-01 00:02:54,30.47,33.37,32.402,29.654,27.853
2024-01-01 00:02:55,30.101,36.434,26.381,30.571,29.206
2024-01-01 00:02:56,28.4,31.224,32.425,31.683,33.264
2024-01-01 00:02:57,32.186,25.838,28.74,34.21,32.941
2024-01-01 00:02:58,31.386,35.724,30.134,33.608,39.553
2024-01-01 00:02:59,31.973,33.28,38.0,34.639,44.087
2024-01-01 00:03:00,31.754,36.456,41.997,47.413,48.35
2024-01-01 00:03:01,37.586,43.074,46.626,54.236,53.307
2024-01-01 00:03:02,42.594,44.931,49.115,52.496,51.536
2024-01-01 00:03:03,41.195,45.826,53.011,51.511,60.764
2024-01-01 00:03:04,53.339,48.533,52.205,57.229,61.582
2024-01-01 00:03:05,51.004,54.038,58.4,64.68,61.713
2024-01-01 00:03:06,54.858,55.518,57.437,70.147,68.017
2024-01-01 00:03:07,55.912,56.332,58.761,64.679,73.9
2024-01-01 00:03:08,61.608,61.329,69.273,69.255,71.115
2024-01-01 00:03:09,56.108,65.697,66.459,70.581,74.366
2024-01-01 00:03:10,53.064,66.121,72.33,71.987,66.286
2024-01-01 00:03:11,61.504,63.966,73.321,66.828,69.559
2024-01-01 00:03:12,66.396,72.26,67.702,60.773,58.451
2024-01-01 00:03:13,66.807,61.67,70.191,64.187,53.196
2024-01-01 00:03:14,68.534,68.633,64.634,61.963,44.306
2024-01-01 00:03:15,72.726,67.686,58.679,54.193,46.607
2024-01-01 00:03:16,70.649,69.067,61.674,51.294,37.318
2024-01-01 00:03:17,72.309,68.908,56.572,44.288,33.127
2024-01-01 00:03:18,67.168,68.763,53.058,39.014,36.084
2024-01-01 00:03:19,66.437,61.013,56.54,40.878,33.992
2024-01-01 00:03:20,73.97,62.341,42.25,35.797,33.401
2024-01-01 00:03:21,68.511,58.33,44.304,33.682,29.649
2024-01-01 00:03:22,65.113,49.571,36.745,35.151,32.512
2024-01-01 00:03:23,63.606,57.25,39.398,26.848,35.492
2024-01-01 00:03:24,61.749,44.036,34.992,28.686,41.917
2024-01-01 00:03:25,59.564,46.456,33.23,32.094,48.776
2024-01-01 00:03:26,55.639,43.336,27.898,32.091,50.131
2024-01-01 00:03:27,52.625,40.161,27.77,39.079,59.924
2024-01-01 00:03:28,54.059,35.291,32.899,39.753,61.415
2024-01-01 00:03:29,50.304,37.035,36.197,41.39,62.2
2024-01-01 00:03:30,52.808,28.046,33.78,48.889,68.77
2024-01-01 00:03:31,47.778,31.144,31.737,53.589,73.768
2024-01-01 00:03:32,45.16,28.741,38.097,60.121,75.852
2024-01-01 00:03:33,39.695,27.991,47.479,62.382,73.391
2024-01-01 00:03:34,39.257,31.411,43.972,65.931,68.646
2024-01-01 00:03:35,38.575,33.966,51.747,68.153,65.504
2024-01-01 00:03:36,37.723,30.805,48.932,68.443,64.463
2024-01-01 00:03:37,33.618,35.742,54.777,67.759,63.545
2024-01-01 00:03:38,35.735,35.538,60.336,70.714,55.084
2024-01-01 00:03:39,31.415,35.074,62.938,67.831,50.17
2024-01-01 00:03:40,32.976,39.653,62.292,71.975,44.058
2024-01-01 00:03:41,28.663,42.449,64.484,68.192,38.397
2024-01-01 00:03:42,24.564,44.347,71.589,62.642,35.031
2024-01-01 00:03:43,31.015,50.903,73.24,57.938,32.962
2024-01-01 00:03:44,32.927,53.512,74.536,52.271,35.832
2024-01-01 00:03:45,33.343,51.155,75.025,44.361,29.282
2024-01-01 00:03:46,34.06,53.94,68.925,43.195,30.726
2024-01-01 00:03:47,33.214,62.909,65.829,40.143,29.747
2024-01-01 00:03:48,33.572,61.632,68.454,37.013,37.366
2024-01-01 00:03:49,39.616,67.068,63.66,34.878,43.109
2024-01-01 00:03:50,41.413,70.175,55.279,34.175,48.358
2024-01-01 00:03:51,40.789,65.234,51.534,28.172,48.975
2024-01-01 00:03:52,48.265,65.541,52.353,27.989,55.07
2024-01-01 00:03:53,44.84,75.022,46.556,35.143,57.661
2024-01-01 00:03:54,48.331,70.766,43.324,34.782,63.975
2024-01-01 00:03:55,57.583,67.663,43.174,33.82,66.831
2024-01-01 00:03:56,57.826,64.844,39.148,37.917,68.575
2024-01-01 00:03:57,56.605,64.389,38.247,41.744,70.181
2024-01-01 00:03:58,60.87,60.217,26.417,46.344,71.261
2024-01-01 00:03:59,62.633,63.955,31.565,52.045,67.923
2024-01-01 00:04:00,55.887,56.201,32.174,62.579,65.809
2024-01-01 00:04:01,63.121,58.821,25.511,59.651,68.362
2024-01-01 00:04:02,67.137,51.206,28.844,64.739,67.251
2024-01-01 00:04:03,67.377,46.084,29.696,60.747,50.819
2024-01-01 00:04:04,70.034,44.762,34.331,66.645,45.691
2024-01-01 00:04:05,73.202,35.095,41.764,73.207,41.668
2024-01-01 00:04:06,69.035,39.712,46.035,71.207,39.639
2024-01-01 00:04:07,66.675,36.925,40.973,56.348,38.671
2024-01-01 00:04:08,70.336,37.591,48.68,70.113,34.663
2024-01-01 00:04:09,67.569,27.519,52.566,71.548,31.376
2024-01-01 00:04:10,66.955,35.155,55.81,56.747,31.606
2024-01-01 00:04:11,65.127,33.091,59.435,63.621,28.346
2024-01-01 00:04:12,71.038,33.84,62.443,46.637,31.309
2024-01-01 00:04:13,55.659,29.889,69.473,53.419,34.717
2024-01-01 00:04:14,59.075,33.562,70.077,46.202,33.708
2024-01-01 00:04:15,57.916,27.077,65.346,34.983,39.376
2024-01-01 00:04:16,53.136,35.073,72.003,39.56,44.34
2024-01-01 00:04:17,55.639,32.5,72.677,38.43,54.983
2024-01-01 00:04:18,52.79,32.126,70.608,33.55,58.247
2024-01-01 00:04:19,47.612,36.305,72.014,32.539,63.696
2024-01-01 00:04:20,44.386,42.556,67.47,28.802,59.959
2024-01-01 00:04:21,42.386,43.118,65.184,24.668,63.68
2024-01-01 00:04:22,40.054,49.883,62.099,33.494,71.645
2024-01-01 00:04:23,37.942,46.526,52.411,38.731,61.623
2024-01-01 00:04:24,35.622,48.716,54.65,39.729,72.695
2024-01-01 00:04:25,35.185,62.23,49.136,33.894,61.431
2024-01-01 00:04:26,35.192,63.633,43.79,39.319,66.26
2024-01-01 00:04:27,28.034,60.304,47.955,45.628,57.039
2024-01-01 00:04:28,27.674,65.629,41.698,47.777,58.223
2024-01-01 00:04:29,25.005,70.483,36.981,56.956,59.757
2024-01-01 00:04:30,32.607,70.024,32.727,61.942,38.361
2024-01-01 00:04:31,30.854,70.073,33.222,59.89,42.614
2024-01-01 00:04:32,32.05,73.275,33.855,69.248,31.04
2024-01-01 00:04:33,27.005,67.647,27.635,70.641,34.523
2024-01-01 00:04:34,37.724,69.276,30.053,68.205,30.442
2024-01-01 00:04:35,31.915,67.982,33.34,69.388,30.449
2024-01-01 00:04:36,35.894,65.61,26.29,63.152,27.562
2024-01-01 00:04:37,39.846,63.232,33.931,66.185,34.101
2024-01-01 00:04:38,36.43,62.225,35.395,64.555,30.01
2024-01-01 00:04:39,40.04,59.408,39.339,61.691,41.649
2024-01-01 00:04:40,159.602,169.865,160.193,245.709,153.525
2024-01-01 00:04:41,236.414,238.28,150.928,210.877,165.424
2024-01-01 00:04:42,223.052,199.164,220.094,176.732,174.622
2024-01-01 00:04:43,199.744,198.829,164.866,198.773,229.911
2024-01-01 00:04:44,212.183,195.034,177.08,214.867,309.933
2024-01-01 00:04:45,202.567,153.077,327.275,140.228,296.919
2024-01-01 00:04:46,56.284,31.761,62.576,34.725,65.446
2024-01-01 00:04:47,64.651,38.38,72.069,31.053,69.267
2024-01-01 00:04:48,59.005,31.63,68.441,28.398,70.354
2024-01-01 00:04:49,70.101,35.692,74.909,31.581,73.795
2024-01-01 00:04:50,67.439,29.428,72.247,28.985,68.559
2024-01-01 00:04:51,60.145,30.035,70.631,33.38,64.733
2024-01-01 00:04:52,68.026,35.748,68.517,34.733,59.68
2024-01-01 00:04:53,71.639,29.51,65.173,36.904,55.564
2024-01-01 00:04:54,69.264,34.897,64.99,40.587,54.71
2024-01-01 00:04:55,72.081,32.617,64.64,44.208,45.838
2024-01-01 00:04:56,67.01,35.512,58.665,45.162,39.933
2024-01-01 00:04:57,64.937,36.643,54.197,55.61,35.267
2024-01-01 00:04:58,67.616,41.492,50.652,59.303,31.953
2024-01-01 00:04:59,66.6,39.688,50.588,64.89,27.08
